{
  "generation_info": {
    "timestamp": "2025-08-01T16:26:42.954239",
    "regions_analyzed": [
      "puerto_rico",
      "hawaii",
      "alaska",
      "conus",
      "guam"
    ],
    "total_records": 218956,
    "analysis_period": "2015-2100"
  },
  "regional_summaries": {
    "puerto_rico": {
      "data_overview": {
        "total_records": 1032,
        "counties": 12,
        "years_covered": "2015-2100",
        "data_completeness": "93.8%"
      },
      "precipitation_statistics": {
        "mean_annual_precip_mm": 2006.4907599160838,
        "median_annual_precip_mm": 1984.6924438476562,
        "std_annual_precip_mm": 477.30272125789804,
        "min_annual_precip_mm": 957.971435546875,
        "max_annual_precip_mm": 4355.4931640625,
        "mean_daily_precip_mm": 5.4972349657106765,
        "extreme_precip_days_avg": 8.992248062015504
      },
      "climate_trends": {
        "precipitation_trend_mm_per_year": -4.678007713783436,
        "trend_direction": "decreasing",
        "trend_magnitude": 397.6306556715921,
        "baseline_vs_endperiod": {
          "baseline_2015_2030": 2254.6584479014077,
          "end_period_2085_2100": 1984.488364537557,
          "percent_change": -11.982749920074143
        }
      }
    },
    "hawaii": {
      "data_overview": {
        "total_records": 344,
        "counties": 4,
        "years_covered": "2015-2100",
        "data_completeness": "93.8%"
      },
      "precipitation_statistics": {
        "mean_annual_precip_mm": 1889.6796055283658,
        "median_annual_precip_mm": 1624.6187744140625,
        "std_annual_precip_mm": 950.6281271880248,
        "min_annual_precip_mm": 658.2027587890625,
        "max_annual_precip_mm": 6052.7060546875,
        "mean_daily_precip_mm": 5.17720438505328,
        "extreme_precip_days_avg": 19.357558139534884
      },
      "climate_trends": {
        "precipitation_trend_mm_per_year": 10.457854554918539,
        "trend_direction": "increasing",
        "trend_magnitude": 888.9176371680758,
        "baseline_vs_endperiod": {
          "baseline_2015_2030": 1503.171685218811,
          "end_period_2085_2100": 2227.8668003082275,
          "percent_change": 48.21106745261273
        }
      }
    },
    "alaska": {
      "data_overview": {
        "total_records": 2580,
        "counties": 30,
        "years_covered": "2015-2100",
        "data_completeness": "93.8%"
      },
      "precipitation_statistics": {
        "mean_annual_precip_mm": 945.5593647446743,
        "median_annual_precip_mm": 778.0538330078125,
        "std_annual_precip_mm": 585.483032599684,
        "min_annual_precip_mm": 111.414794921875,
        "max_annual_precip_mm": 2846.947021484375,
        "mean_daily_precip_mm": 2.5905736006045528,
        "extreme_precip_days_avg": 2.4976744186046513
      },
      "climate_trends": {
        "precipitation_trend_mm_per_year": 2.2273748153561117,
        "trend_direction": "increasing",
        "trend_magnitude": 189.3268593052695,
        "baseline_vs_endperiod": {
          "baseline_2015_2030": 856.1430777867635,
          "end_period_2085_2100": 1013.5427378018697,
          "percent_change": 18.384737796631377
        }
      }
    },
    "conus": {
      "data_overview": {
        "total_records": 214570,
        "counties": 2495,
        "years_covered": "2015-2100",
        "data_completeness": "93.8%"
      },
      "precipitation_statistics": {
        "mean_annual_precip_mm": 956.1304097660458,
        "median_annual_precip_mm": 975.0088500976562,
        "std_annual_precip_mm": 384.3342759145228,
        "min_annual_precip_mm": 15.72705078125,
        "max_annual_precip_mm": 2382.9169921875,
        "mean_daily_precip_mm": 2.6195353691567154,
        "extreme_precip_days_avg": 4.581544484317472
      },
      "climate_trends": {
        "precipitation_trend_mm_per_year": 0.7074481664908304,
        "trend_direction": "increasing",
        "trend_magnitude": 60.133094151720584,
        "baseline_vs_endperiod": {
          "baseline_2015_2030": 893.2296848122247,
          "end_period_2085_2100": 936.9138124079885,
          "percent_change": 4.890581710229112
        }
      }
    },
    "guam": {
      "data_overview": {
        "total_records": 430,
        "counties": 5,
        "years_covered": "2015-2100",
        "data_completeness": "93.8%"
      },
      "precipitation_statistics": {
        "mean_annual_precip_mm": 4052.193499330033,
        "median_annual_precip_mm": 3288.8126220703125,
        "std_annual_precip_mm": 2678.5312786990908,
        "min_annual_precip_mm": 376.560302734375,
        "max_annual_precip_mm": 11458.861328125,
        "mean_daily_precip_mm": 11.101899996746418,
        "extreme_precip_days_avg": 51.7
      },
      "climate_trends": {
        "precipitation_trend_mm_per_year": 8.902650928404778,
        "trend_direction": "increasing",
        "trend_magnitude": 756.7253289144062,
        "baseline_vs_endperiod": {
          "baseline_2015_2030": 3517.9390197753905,
          "end_period_2085_2100": 4297.040774536133,
          "percent_change": 22.14653950455586
        }
      }
    }
  },
  "comparative_analysis": {
    "wettest_region": "guam",
    "driest_region": "alaska",
    "regional_precipitation_ranking": [
      [
        "guam",
        4052.193499330033
      ],
      [
        "puerto_rico",
        2006.4907599160838
      ],
      [
        "hawaii",
        1889.6796055283658
      ],
      [
        "conus",
        956.1304097660458
      ],
      [
        "alaska",
        945.5593647446743
      ]
    ],
    "coefficient_of_variation_by_region": {
      "puerto_rico": 0.23787935174835292,
      "hawaii": 0.503063124778882,
      "alaska": 0.6191922521520155,
      "conus": 0.4019684678877278,
      "guam": 0.6610077428785037
    }
  },
  "climate_trends": {
    "overall": {
      "us_average_trend_mm_per_year": 3.523464150277369,
      "projected_change_2015_2100": 299.49445277357637,
      "trend_significance": "significant"
    }
  },
  "extreme_events": {
    "puerto_rico": {
      "trend_days_per_year": -0.04411371605578907,
      "baseline_extreme_days": 10.90625,
      "future_extreme_days": 8.5625
    },
    "hawaii": {
      "trend_days_per_year": 0.16028350393886615,
      "baseline_extreme_days": 13.5625,
      "future_extreme_days": 25.078125
    },
    "alaska": {
      "trend_days_per_year": 0.0229545418809064,
      "baseline_extreme_days": 1.6583333333333334,
      "future_extreme_days": 3.2895833333333333
    },
    "conus": {
      "trend_days_per_year": 0.015702861924613436,
      "baseline_extreme_days": 3.7876753507014027,
      "future_extreme_days": 4.69308617234469
    },
    "guam": {
      "trend_days_per_year": 0.1320307561677464,
      "baseline_extreme_days": 43.525,
      "future_extreme_days": 54.8375
    }
  }
}